circ_mv,turnover,amount,first_seal_minutes,is_early_seal,open_times,date,symbol,is_limit_up,label
3516930048.0,2.16626,76185800.0,565,1,0,20260209,000014,1,0
6466200064.0,6.46435,403824000.0,646,0,0,20260209,000016,1,0
50741399552.0,15.4499,7683210240.0,784,0,5,20260213,000021,1,0
23865600000.0,5.35455,1253609984.0,667,0,0,20260203,000039,1,1
26259099648.0,7.24865,1862919936.0,596,1,2,20260204,000039,1,0
1870710016.0,17.7781,326167008.0,580,1,4,20260205,000056,1,1
2060499968.0,15.888,323150016.0,572,1,2,20260206,000056,1,0
2177979904.0,31.1173,663587968.0,578,1,9,20260210,000056,1,0
12014900224.0,5.67103,680425984.0,570,1,0,20260204,000070,1,0
14325499904.0,4.37616,619875968.0,570,1,0,20260210,000070,1,1
15756300288.0,1.15058,181288000.0,565,1,0,20260211,000070,1,1
17329199104.0,19.5918,3335790080.0,565,1,1,20260212,000070,1,1
17329237614.0,19.591812133789062,3335788048.0,565,1,1,20260213,000070,1,0
16709799936.0,5.1884,851539008.0,573,1,1,20260210,000156,1,0
9997840384.0,7.6747,741318016.0,620,0,0,20260211,000510,1,1
9997836184.16,7.674702167510986,741318320.0,620,0,0,20260212,000510,1,0
5083650048.0,3.94364,194531008.0,622,0,0,20260204,000517,1,0
7471029760.0,11.4326,826800000.0,869,0,2,20260209,000525,1,0
6944909824.0,14.2709,960916992.0,580,1,0,20260203,000533,1,1
7636660224.0,13.8441,1042649984.0,571,1,3,20260204,000533,1,0
8225679872.0,12.9846,1018209984.0,617,0,0,20260212,000533,1,1
8225677824.0,12.984615325927734,1018208320.0,617,0,0,20260213,000533,1,0
15324099584.0,6.2705,921457024.0,879,0,0,20260203,000534,1,0
51455700992.0,28.1189,13872199680.0,675,0,3,20260203,000547,1,0
64732999680.0,6.92923,4255899904.0,824,0,0,20260210,000559,1,0
8143940096.0,18.4531,1458739968.0,637,0,1,20260204,000560,1,0
5494450176.0,7.55912,407780000.0,618,0,0,20260209,000571,1,0
22655500288.0,12.2679,2721060096.0,577,1,0,20260205,000592,1,0
10736499712.0,14.5852,1525769984.0,786,0,15,20260212,000628,1,1
10736524972.25,14.585200309753418,1525769536.0,786,0,15,20260213,000628,1,0
26368299008.0,8.59854,2170650112.0,847,0,0,20260205,000636,1,0
76089696256.0,6.46056,4778789888.0,792,0,0,20260211,000657,1,1
76089700160.54,6.460564136505127,4778793472.0,792,0,0,20260212,000657,1,0
6222799872.0,10.9615,667118016.0,633,0,4,20260211,000659,1,1
6222800196.8,10.961530685424805,667118256.0,633,0,4,20260212,000659,1,0
20619300864.0,21.1897,4206779904.0,682,0,0,20260210,000681,1,0
22724300800.0,4.9509,1092729984.0,604,0,0,20260204,000723,1,0
34010699776.0,3.65158,1204499968.0,616,0,0,20260203,000738,1,0
9959879680.0,11.943,1168930048.0,590,1,4,20260206,000767,1,0
10542300160.0,9.59844,982425984.0,607,0,0,20260212,000767,1,1
10542332098.32,9.598443031311035,982425840.0,607,0,0,20260213,000767,1,0
4558320128.0,11.8366,526751008.0,597,1,0,20260213,000798,1,0
16955599872.0,4.66843,764452992.0,782,0,0,20260203,000811,1,0
10797400064.0,16.5196,1753609984.0,588,1,4,20260210,000815,1,0
15546999808.0,8.52733,1288620032.0,645,0,0,20260210,000818,1,0
5639079936.0,4.33804,244080992.0,570,1,0,20260205,000822,1,0
10190100480.0,12.7623,1279689984.0,593,1,2,20260212,000833,1,1
10190147503.96,12.76231861114502,1279685952.0,593,1,2,20260213,000833,1,0
2803020032.0,5.58952,151463008.0,617,0,0,20260204,000838,1,0
12817800192.0,5.89562,741228032.0,590,1,1,20260210,000839,1,0
13288200192.0,2.70693,359702016.0,570,1,0,20260213,000839,1,0
2630929920.0,5.77198,151856992.0,570,1,0,20260203,000856,1,0
10446499840.0,8.84781,900553024.0,587,1,1,20260210,000859,1,0
10724200448.0,16.5854,1747480064.0,599,1,2,20260213,000859,1,0
2529530112.0,18.0192,440212992.0,679,0,0,20260213,000890,1,0
5793319936.0,2.71347,157200000.0,565,1,0,20260209,000892,1,1
6376200192.0,1.35287,86261800.0,565,1,0,20260210,000892,1,1
7015960064.0,33.6943,2348420096.0,565,1,3,20260211,000892,1,1
7015955800.98,33.694271087646484,2348424992.0,565,1,3,20260212,000892,1,0
21676900352.0,5.94154,1266649984.0,595,1,2,20260203,000962,1,0
22344099840.0,5.69181,1237939968.0,651,0,0,20260211,000962,1,1
24576499712.0,9.31205,2214500096.0,825,0,2,20260212,000962,1,1
24576537731.25,9.312047004699709,2214500688.0,825,0,2,20260213,000962,1,0
41783201792.0,3.34325,1353510016.0,875,0,0,20260204,000983,1,0
3418650112.0,25.6976,857270016.0,573,1,5,20260203,000995,1,0
4623159808.0,6.77429,300200000.0,874,0,0,20260209,001217,1,0
5470909952.0,3.35974,182912000.0,570,1,0,20260211,001217,1,1
5470907316.299999,3.359739065170288,182911945.0,570,1,0,20260212,001217,1,0
5678600192.0,2.64524,144612000.0,685,0,0,20260204,001223,1,0
2167600128.0,14.6139,309774016.0,602,0,1,20260209,001266,1,0
17536200704.0,10.7178,1773010048.0,846,0,0,20260211,001267,1,1
17536188201.84,10.717779159545898,1773009952.0,846,0,0,20260212,001267,1,0
6269060096.0,4.79395,288292000.0,600,1,0,20260203,001316,1,0
1492720000.0,11.0406,158335008.0,642,0,0,20260209,001326,1,0
15587000320.0,13.0735,2025280000.0,570,1,3,20260209,001330,1,1
17140299776.0,6.10256,1022009984.0,572,1,0,20260210,001330,1,0
3951579904.0,7.3779,280923008.0,854,0,0,20260211,001359,1,1
3951576000.0,7.377904415130615,280922912.0,854,0,0,20260212,001359,1,0
2087049984.0,11.8927,244132992.0,578,1,0,20260206,001360,1,0
4516599808.0,11.4408,498439008.0,814,0,0,20260211,001376,1,1
4516596938.69,11.44078540802002,498438848.0,814,0,0,20260212,001376,1,0
1658249984.0,14.4642,229162000.0,633,0,0,20260203,001400,1,0
11504400384.0,0.844119,97110800.0,565,1,0,20260211,001896,1,1
12648699904.0,0.350214,44297600.0,565,1,0,20260212,001896,1,1
13915100160.0,1.70624,237426000.0,565,1,0,20260213,001896,1,0
11218599936.0,21.6015,2322080000.0,628,0,0,20260206,002009,1,0
12620900352.0,31.1752,3829850112.0,663,0,3,20260213,002009,1,0
3225530112.0,7.69921,239095008.0,683,0,0,20260203,002012,1,0
19577300992.0,6.08452,1146790016.0,803,0,0,20260206,002015,1,1
21541500928.0,9.81848,2070119936.0,643,0,1,20260209,002015,1,0
3862980096.0,18.962,719667008.0,576,1,2,20260206,002054,1,1
4251190016.0,27.7138,1116519936.0,611,0,9,20260209,002054,1,0
2491749888.0,7.50509,180846000.0,862,0,1,20260206,002072,1,0
9564309504.0,9.53167,883958016.0,781,0,0,20260209,002079,1,0
76086099968.0,1.7681,1330300032.0,573,1,0,20260211,002080,1,1
83687997440.0,7.72669,6316810240.0,813,0,4,20260212,002080,1,1
83688023134.08,7.726694583892822,6316808704.0,813,0,4,20260213,002080,1,0
10284999680.0,3.65364,368316992.0,610,0,0,20260210,002082,1,0
12133900288.0,6.25948,736110976.0,663,0,3,20260206,002099,1,1
13345699840.0,6.86011,909990976.0,565,1,3,20260209,002099,1,0
6234869760.0,41.5096,2467140096.0,845,0,0,20260203,002112,1,0
6659440128.0,24.2639,1555549952.0,598,1,0,20260206,002112,1,0
31152099328.0,4.66808,1400710016.0,896,0,0,20260203,002126,1,1
34268899328.0,7.56106,2582129920.0,570,1,20,20260204,002126,1,0
42703200256.0,9.8503,4042200064.0,832,0,1,20260204,002129,1,0
47187701760.0,10.7045,4943860224.0,591,1,1,20260209,002129,1,0
53115498496.0,21.65,11092200448.0,834,0,0,20260212,002131,1,1
53115492485.36,21.64998435974121,11092174592.0,834,0,0,20260213,002131,1,0
9225360384.0,5.77368,514673984.0,662,0,0,20260206,002150,1,0
57234800640.0,13.8478,7619720192.0,818,0,4,20260203,002155,1,0
2543739904.0,16.2813,405019008.0,643,0,4,20260210,002159,1,0
9968520192.0,26.4137,2530449920.0,600,1,0,20260203,002165,1,0
11607700480.0,7.35304,826353984.0,622,0,0,20260213,002169,1,0
15009899520.0,13.652,1942690048.0,879,0,0,20260210,002181,1,0
2691579904.0,23.106,587470976.0,864,0,0,20260206,002207,1,0
12512100352.0,8.51768,1012990016.0,888,0,0,20260212,002208,1,1
12512054687.14,8.517684936523438,1012990096.0,888,0,0,20260213,002208,1,0
9802479616.0,16.507,1535800064.0,631,0,0,20260204,002218,1,0
11083499520.0,30.8743,3347180032.0,584,1,4,20260209,002218,1,0
7247110144.0,4.04763,285646016.0,814,0,2,20260203,002238,1,0
4308009984.0,20.9529,895448000.0,572,1,2,20260212,002248,1,1
4308013356.0,20.95286750793457,895447712.0,572,1,2,20260213,002248,1,0
11601699840.0,4.73275,528729984.0,817,0,0,20260211,002254,1,1
11601745242.12,4.732754707336426,528729712.0,817,0,0,20260212,002254,1,0
8237170176.0,23.29,1829319936.0,636,0,0,20260205,002264,1,0
31143200768.0,3.23313,983121024.0,666,0,0,20260211,002270,1,1
31143168264.75,3.2331316471099854,983120576.0,666,0,0,20260212,002270,1,0
6543320064.0,20.224,1289730048.0,642,0,0,20260209,002272,1,0
7003250176.0,8.77548,614521984.0,570,1,0,20260212,002272,1,1
7003250405.76,8.775482177734375,614521728.0,570,1,0,20260213,002272,1,0
4806210048.0,15.3002,716574016.0,605,0,0,20260204,002278,1,0
3891379968.0,7.75113,292382016.0,785,0,0,20260204,002286,1,0
7856889856.0,12.5428,970670016.0,570,1,0,20260205,002291,1,0
11074400256.0,21.1083,2248829952.0,677,0,1,20260210,002292,1,0
4915930112.0,9.65064,467984000.0,585,1,0,20260209,002296,1,0
6904900096.0,10.1666,692259008.0,583,1,2,20260204,002300,1,0
8483019776.0,3.51496,285382016.0,885,0,0,20260210,002302,1,0
7966819840.0,8.42203,659894976.0,590,1,0,20260209,002309,1,0
4155950080.0,6.75478,275700000.0,580,1,0,20260209,002323,1,1
4580020224.0,19.0493,852462016.0,581,1,3,20260210,002323,1,1
5046510080.0,5.5601,277656000.0,570,1,0,20260211,002323,1,1
5555400192.0,15.9897,836550976.0,577,1,0,20260212,002323,1,1
5555400640.88,15.989706993103027,836551472.0,577,1,0,20260213,002323,1,0
7392339968.0,12.058,866860032.0,644,0,0,20260204,002334,1,0
6109409792.0,13.6919,817452032.0,576,1,1,20260206,002339,1,0
48218800128.0,12.1263,5748910080.0,638,0,4,20260211,002340,1,1
48218769620.0,12.126307487487791,5748907776.0,638,0,4,20260212,002340,1,0
15284599808.0,16.3579,2394080000.0,605,0,0,20260203,002342,1,1
16812099584.0,11.4199,1917590016.0,565,1,2,20260204,002342,1,0
11760499712.0,4.70295,538313024.0,634,0,0,20260206,002345,1,0
4203529984.0,11.8044,483569984.0,804,0,0,20260204,002355,1,1
4623889920.0,15.0466,677806976.0,589,1,0,20260205,002355,1,0
4617699840.0,11.3851,503168992.0,664,0,0,20260213,002355,1,0
4626930176.0,4.62356,207680992.0,597,1,0,20260205,002357,1,0
10373000192.0,25.6558,2577659904.0,652,0,1,20260203,002361,1,0
11206400000.0,25.9717,2734320128.0,840,0,0,20260205,002361,1,1
12330999808.0,37.946,4446219776.0,818,0,1,20260206,002361,1,0
18272299008.0,10.2119,1807149952.0,780,0,4,20260203,002364,1,0
19516899328.0,9.14169,1733720064.0,668,0,0,20260212,002364,1,1
19516888487.2,9.141693115234377,1733717536.0,668,0,0,20260213,002364,1,0
33033199616.0,5.03117,1623740032.0,584,1,2,20260211,002378,1,1
36331700224.0,8.81178,3155529984.0,581,1,13,20260212,002378,1,1
36331689617.6,8.81177806854248,3155534400.0,581,1,13,20260213,002378,1,0
3778639872.0,15.9372,597027008.0,574,1,11,20260206,002412,1,0
46781599744.0,1.09106,510414016.0,565,1,0,20260209,002429,1,1
51441700864.0,0.99545,512076000.0,565,1,0,20260210,002429,1,0
8641470464.0,4.13018,354496000.0,571,1,1,20260209,002438,1,0
12501399552.0,9.13506,1113100032.0,588,1,2,20260206,002440,1,1
13750599680.0,5.4374,734547968.0,572,1,0,20260209,002440,1,0
4377900032.0,6.17164,262058000.0,605,0,0,20260204,002441,1,0
5353260032.0,31.3753,1613219968.0,619,0,1,20260203,002455,1,0
5784220160.0,25.1815,1411609984.0,586,1,5,20260206,002455,1,1
6360560128.0,5.26752,334927008.0,570,1,0,20260209,002455,1,1
6999220224.0,1.75503,122838000.0,565,1,0,20260210,002455,1,1
7700179968.0,19.4375,1478169984.0,570,1,1,20260211,002455,1,1
7700176362.02,19.437498092651367,1478165456.0,570,1,1,20260212,002455,1,0
10032900096.0,15.9504,1539340032.0,642,0,0,20260205,002467,1,0
7458650112.0,7.54064,540641024.0,683,0,0,20260211,002470,1,1
7458651176.59,7.540639400482178,540641408.0,683,0,0,20260212,002470,1,0
12714200064.0,44.8854,5431790080.0,679,0,1,20260203,002471,1,0
14432700416.0,34.6981,4638600192.0,868,0,0,20260209,002471,1,0
8174009856.0,10.3443,830001024.0,637,0,0,20260212,002478,1,1
8174007738.780001,10.344286918640137,830001424.0,637,0,0,20260213,002478,1,0
20459800576.0,8.29086,1645299968.0,651,0,3,20260212,002498,1,1
22522400768.0,8.24084,1829740032.0,571,1,5,20260213,002498,1,0
7660369920.0,3.60436,267379008.0,621,0,0,20260209,002501,1,0
22091999232.0,25.0989,5378549760.0,808,0,4,20260204,002506,1,1
24312799232.0,21.6729,5196740096.0,570,1,6,20260205,002506,1,1
26767499264.0,30.2368,7497759744.0,832,0,0,20260206,002506,1,1
29455900672.0,7.64496,2221639936.0,571,1,0,20260209,002506,1,0
8541199872.0,13.4996,1119920000.0,627,0,4,20260213,002510,1,0
31534800896.0,2.96165,907585984.0,675,0,0,20260212,002518,1,1
31534835101.2,2.9616458415985107,907585664.0,675,0,0,20260213,002518,1,0
10650800128.0,25.4309,2556519936.0,850,0,4,20260206,002519,1,0
4814020096.0,16.8004,793705024.0,606,0,2,20260212,002520,1,1
4814023547.41,16.800443649291992,793704624.0,606,0,2,20260213,002520,1,0
16115500032.0,2.60934,412060992.0,587,1,0,20260209,002534,1,0
4719090176.0,14.1351,639523968.0,596,1,0,20260205,002575,1,0
14862000128.0,6.1356,890684992.0,780,0,1,20260210,002597,1,0
5653179904.0,10.2978,561521024.0,610,0,0,20260204,002623,1,0
6151759872.0,7.12958,426956000.0,589,1,0,20260209,002623,1,0
35768700928.0,5.8651,2007239936.0,801,0,5,20260206,002624,1,1
39351099392.0,3.31268,1302579968.0,570,1,1,20260209,002624,1,0
7178250240.0,5.52533,385081984.0,832,0,0,20260205,002627,1,0
3080950016.0,3.23885,98841696.0,573,1,0,20260206,002634,1,0
5094049792.0,16.8643,848174016.0,583,1,2,20260210,002655,1,0
3527739904.0,17.2729,589161984.0,601,0,0,20260205,002702,1,0
13443900416.0,13.0242,1723149952.0,587,1,1,20260213,002703,1,0
32826900480.0,20.203,6450999808.0,798,0,2,20260209,002716,1,0
3348720128.0,2.08698,69887000.0,565,1,0,20260210,002723,1,1
3684859904.0,33.2851,1136889984.0,565,1,2,20260211,002723,1,1
3684860996.46,33.28506088256836,1136891056.0,565,1,2,20260212,002723,1,0
4955109888.0,13.8627,686764992.0,565,1,1,20260206,002728,1,0
29125799936.0,14.5071,4049929984.0,880,0,0,20260210,002739,1,0
6915959808.0,9.15965,623977024.0,572,1,0,20260211,002757,1,1
6915962142.92,9.159652709960938,623976816.0,572,1,0,20260212,002757,1,0
20182999040.0,15.0808,2974629888.0,631,0,4,20260206,002759,1,0
7174269952.0,6.04779,421446016.0,629,0,0,20260206,002772,1,0
8827240448.0,10.1083,872353984.0,805,0,8,20260203,002785,1,0
4915800064.0,8.70224,409889984.0,823,0,0,20260204,002791,1,0
17840500736.0,22.1207,3859699968.0,577,1,1,20260203,002792,1,0
11021100032.0,11.8971,1267789952.0,810,0,0,20260212,002796,1,1
11021077025.2,11.89712619781494,1267794992.0,810,0,0,20260213,002796,1,0
2803099904.0,23.9184,663424000.0,571,1,3,20260210,002806,1,0
6380850176.0,7.37014,453060000.0,630,0,0,20260204,002810,1,0
47252099072.0,6.47193,2946319872.0,803,0,0,20260206,002812,1,0
4709980160.0,6.63821,303806016.0,608,0,0,20260212,002824,1,1
4709983976.7,6.638206481933594,303806320.0,608,0,0,20260213,002824,1,0
1881229952.0,23.2568,423980000.0,588,1,1,20260203,002830,1,1
2069080064.0,17.0145,342200000.0,583,1,1,20260204,002830,1,0
2049030016.0,38.1925,718793024.0,565,1,1,20260206,002830,1,1
2254269952.0,16.3059,358688992.0,571,1,0,20260209,002830,1,0
93053796352.0,9.46761,8731750400.0,581,1,4,20260212,002837,1,1
93053839466.5,9.467613220214844,8731754496.0,581,1,4,20260213,002837,1,0
7640439808.0,20.7746,1535469952.0,611,0,0,20260206,002842,1,0
9398870016.0,9.19897,842937984.0,579,1,0,20260211,002842,1,1
10338499584.0,31.6426,3218700032.0,648,0,1,20260212,002842,1,1
10338483519.59,31.64263153076172,3218698224.0,648,0,1,20260213,002842,1,0
5229020160.0,9.08648,465140000.0,590,1,0,20260213,002843,1,0
4000150016.0,7.20494,281246016.0,614,0,1,20260204,002853,1,0
24784699392.0,14.1969,3459200000.0,583,1,6,20260203,002865,1,0
6747120128.0,15.0577,985886976.0,681,0,0,20260212,002885,1,1
6747121620.66,15.05768871307373,985886848.0,681,0,0,20260213,002885,1,0
4658039808.0,8.07799,360304992.0,663,0,0,20260205,002905,1,0
5255580160.0,12.9508,652883968.0,594,1,1,20260210,002905,1,0
3306350080.0,4.23641,136975008.0,580,1,0,20260206,002921,1,0
16395100160.0,6.99563,1102589952.0,846,0,0,20260203,002922,1,0
17337100288.0,5.76523,965800000.0,782,0,0,20260212,002922,1,1
17337108597.9,5.765233993530273,965799760.0,782,0,0,20260213,002922,1,0
14738100224.0,3.19199,453750016.0,669,0,0,20260204,002928,1,0
11805599744.0,2.91108,335240000.0,576,1,0,20260203,002943,1,0
56025001984.0,3.15444,1697430016.0,822,0,0,20260205,002945,1,0
5880479744.0,2.07513,119757000.0,782,0,0,20260203,002951,1,0
6458100224.0,2.7908,177624000.0,595,1,0,20260211,002951,1,1
7103909888.0,5.50211,384919008.0,576,1,0,20260212,002951,1,1
7813899776.0,8.98778,691968000.0,570,1,5,20260213,002951,1,0
10328800256.0,6.53249,666190016.0,582,1,3,20260203,002957,1,0
12049600512.0,9.223,1063169984.0,810,0,0,20260206,002957,1,0
27573000192.0,7.38758,1953219968.0,867,0,0,20260205,002969,1,0
33166200832.0,7.26105,2349750016.0,829,0,5,20260210,002969,1,0
8296309760.0,3.80158,313918016.0,571,1,0,20260204,002970,1,0
8789470208.0,7.94385,685569984.0,600,1,0,20260212,002975,1,1
8789471109.4,7.943850517272949,685570112.0,600,1,0,20260213,002975,1,0
8251259904.0,20.5422,1636800000.0,624,0,1,20260205,002985,1,0
4116720128.0,34.3084,1364359936.0,642,0,0,20260205,002995,1,0
1829270016.0,12.2382,219120992.0,590,1,0,20260205,003018,1,1
2012489984.0,2.34206,47133800.0,565,1,0,20260206,003018,1,1
2213339904.0,2.05771,45544100.0,565,1,0,20260209,003018,1,0
2306419968.0,32.8212,709785024.0,643,0,0,20260211,003018,1,1
2306423894.5,32.82123565673828,709785120.0,643,0,0,20260212,003018,1,0
28181800960.0,5.1698,1379740032.0,623,0,0,20260203,003035,1,0
4035510016.0,4.87595,187348000.0,836,0,0,20260205,003036,1,0
2972339968.0,12.0957,345417984.0,846,0,0,20260204,003038,1,0
15902699520.0,23.482,3594480128.0,597,1,2,20260209,300182,1,1
19087699968.0,20.4139,3741270016.0,576,1,0,20260210,300182,1,0
70938296320.0,11.921,7913129984.0,663,0,0,20260210,300251,1,0
16176300032.0,15.5666,2400659968.0,644,0,0,20260212,300277,1,1
16176327164.919998,15.56662368774414,2400663488.0,644,0,0,20260213,300277,1,0
9681999872.0,32.8242,3017649920.0,864,0,0,20260205,300300,1,0
23299299328.0,7.82968,1824259968.0,570,1,0,20260209,300364,1,1
27961800704.0,35.6059,9547100160.0,664,0,0,20260210,300364,1,0
9864939520.0,19.9905,1838450048.0,630,0,0,20260204,300393,1,0
3326939904.0,19.0446,611884032.0,592,1,0,20260204,300423,1,0
3543810048.0,17.4834,603616000.0,577,1,1,20260213,300449,1,0
6055660032.0,2.95642,177576992.0,570,1,0,20260205,300461,1,1
7267069952.0,10.9252,751883008.0,625,0,2,20260206,300461,1,0
6589270016.0,23.3865,1463289984.0,804,0,2,20260209,300480,1,0
10977000448.0,23.613,2389700096.0,669,0,2,20260210,300528,1,0
3752260096.0,31.9718,1145830016.0,643,0,0,20260213,300719,1,0
3372989952.0,22.3061,737230976.0,582,1,20,20260209,300749,1,1
4048209920.0,21.9464,867857024.0,578,1,10,20260210,300749,1,0
63997300736.0,11.498,7169359872.0,822,0,0,20260203,300757,1,0
3871490048.0,32.0354,1172480000.0,605,0,2,20260213,300812,1,0
7083100160.0,9.93662,673841024.0,581,1,1,20260211,300819,1,1
7083103860.0,9.936619758605955,673841376.0,581,1,1,20260212,300819,1,0
16071799808.0,17.658,2684539904.0,781,0,1,20260203,300842,1,0
13248400384.0,31.9529,3899709952.0,803,0,0,20260212,300846,1,1
13248441323.84,31.95285415649414,3899710912.0,803,0,0,20260213,300846,1,0
2046989952.0,1.313,26877100.0,565,1,0,20260204,300912,1,1
2456039936.0,0.866522,21282200.0,565,1,0,20260205,300912,1,1
2947599872.0,2.03202,59895800.0,565,1,0,20260206,300912,1,1
3537110016.0,2.51153,88835600.0,565,1,0,20260209,300912,1,0
5072350208.0,8.90569,431155008.0,588,1,0,20260209,300982,1,0
4656320000.0,8.10925,357169984.0,605,0,0,20260204,300985,1,0
3852400128.0,15.7316,564265984.0,626,0,0,20260210,301025,1,0
4584509952.0,33.2182,1443340032.0,590,1,1,20260210,301085,1,0
4853150208.0,9.03203,414992992.0,800,0,0,20260204,301119,1,0
4563990016.0,12.6174,529775008.0,790,0,0,20260203,301182,1,0
2276699904.0,4.18164,95203504.0,565,1,0,20260209,301231,1,1
2732150016.0,3.75137,102493000.0,565,1,0,20260210,301231,1,0
10319899648.0,28.3267,2636480000.0,817,0,1,20260209,301232,1,0
3985760000.0,20.4114,813550976.0,565,1,0,20260209,301262,1,0
4864200192.0,16.4908,739075008.0,816,0,0,20260206,301312,1,0
2537809920.0,23.0567,567385024.0,630,0,0,20260212,301317,1,1
2537805158.46,23.056697845458984,567385280.0,630,0,0,20260213,301317,1,0
1922019968.0,1.87556,36048800.0,565,1,0,20260203,301362,1,1
2306550016.0,18.9783,437743008.0,565,1,0,20260204,301362,1,1
2767909888.0,57.7983,1530370048.0,608,0,9,20260205,301362,1,0
16571799552.0,10.7747,1729129984.0,576,1,0,20260211,301526,1,1
16571836491.400002,10.774690628051758,1729129184.0,576,1,0,20260212,301526,1,0
1190499968.0,40.1361,439808000.0,785,0,3,20260203,301636,1,1
1428560000.0,48.178,622779008.0,660,0,0,20260204,301636,1,0
65082601472.0,2.52353,1615510016.0,636,0,4,20260212,600026,1,1
65082561878.35,2.523531675338745,1615505168.0,636,0,4,20260213,600026,1,0
10730099712.0,5.19076,548998016.0,581,1,1,20260203,600053,1,0
15104499712.0,5.26962,774446976.0,668,0,0,20260206,600063,1,0
14440899584.0,10.1598,1443570048.0,581,1,2,20260204,600072,1,0
8675170304.0,3.22276,271648992.0,592,1,0,20260205,600084,1,0
7958110208.0,7.10018,545171008.0,682,0,1,20260210,600088,1,0
106917003264.0,1.42012,1477760000.0,619,0,1,20260204,600115,1,0
2250550016.0,3.62309,81539400.0,565,1,0,20260203,600149,1,0
3631059968.0,5.53162,199392992.0,587,1,0,20260205,600156,1,0
10439799808.0,11.614,1183010048.0,601,0,0,20260209,600172,1,0
102680002560.0,2.66629,2721679872.0,574,1,2,20260211,600176,1,1
102680457073.2,2.666285276412964,2721681776.0,574,1,2,20260212,600176,1,0
15607799808.0,8.67018,1322930048.0,797,0,2,20260209,600185,1,0
11803299840.0,11.8967,1373699968.0,602,0,2,20260211,600186,1,1
11803311369.33,11.896747589111328,1373704640.0,602,0,2,20260212,600186,1,0
90458103808.0,1.923,1721110016.0,576,1,2,20260204,600188,1,0
6111040000.0,7.45231,443047008.0,651,0,0,20260210,600207,1,0
8953979904.0,8.12215,694337024.0,617,0,0,20260206,600230,1,0
12454500352.0,2.63877,328551008.0,565,1,1,20260203,600266,1,0
12094900224.0,7.98859,944190976.0,628,0,1,20260211,600292,1,1
12094853626.1,7.988592624664307,944191088.0,628,0,1,20260212,600292,1,0
12164500480.0,4.88058,574766976.0,800,0,0,20260204,600325,1,0
18994900992.0,5.66803,1062630016.0,573,1,0,20260203,600330,1,1
20894400512.0,22.8216,4726569984.0,572,1,7,20260204,600330,1,0
21030100992.0,11.3572,2305029888.0,630,0,0,20260209,600330,1,0
8462369792.0,15.165,1256950016.0,581,1,1,20260206,600345,1,0
6714930176.0,10.4318,690968000.0,576,1,1,20260205,600382,1,0
47571701760.0,8.82279,4160839936.0,577,1,4,20260209,600392,1,0
12879399936.0,6.55479,828793024.0,592,1,2,20260211,600397,1,1
14166299648.0,4.98906,705646016.0,570,1,0,20260212,600397,1,1
14166325911.42,4.989063262939453,705646176.0,570,1,0,20260213,600397,1,0
17596399616.0,4.94216,843382016.0,876,0,0,20260204,600403,1,0
23980300288.0,18.5654,4405150208.0,584,1,7,20260203,600410,1,0
26984699904.0,20.8589,5537260032.0,578,1,1,20260213,600410,1,0
9766129664.0,7.31251,693769024.0,583,1,0,20260209,600477,1,0
18925099008.0,2.73285,511256992.0,573,1,0,20260203,600481,1,1
20817600512.0,6.33551,1314840064.0,565,1,4,20260204,600481,1,0
20068100096.0,9.45582,1762269952.0,806,0,0,20260212,600481,1,1
20068126051.68,9.455816268920898,1762269056.0,806,0,0,20260213,600481,1,0
67270000640.0,2.30091,1490050048.0,825,0,0,20260210,600482,1,0
19647199232.0,5.93217,1143149952.0,608,0,1,20260212,600490,1,1
19647246865.96,5.93217134475708,1143146944.0,608,0,1,20260213,600490,1,0
5327980032.0,10.8974,572787968.0,572,1,4,20260211,600545,1,1
5864350208.0,15.0231,809950016.0,878,0,2,20260212,600545,1,1
5864352088.16,15.023114204406738,809950224.0,878,0,2,20260213,600545,1,0
23135299584.0,3.9561,888659968.0,876,0,0,20260204,600546,1,0
31701100544.0,4.47224,1374290048.0,836,0,1,20260211,600583,1,1
31701113916.0,4.47223711013794,1374288464.0,836,0,1,20260212,600583,1,0
9070959616.0,7.39593,649516992.0,787,0,0,20260203,600586,1,0
10559200256.0,2.02266,213576000.0,565,1,0,20260209,600586,1,0
15390900224.0,9.05315,1382300032.0,574,1,0,20260209,600589,1,1
16928499712.0,2.47347,418720000.0,565,1,0,20260210,600589,1,1
18628700160.0,2.36252,440107008.0,565,1,0,20260211,600589,1,1
20491599872.0,1.68454,345188992.0,565,1,0,20260212,600589,1,1
20491592675.4,1.6845383644104004,345188752.0,565,1,0,20260213,600589,1,0
9802279936.0,4.08274,400164000.0,570,1,0,20260203,600590,1,0
10696500224.0,13.0688,1357720064.0,643,0,1,20260209,600590,1,0
20196599808.0,4.05209,803528000.0,593,1,0,20260213,600629,1,0
9146670080.0,7.97584,712313984.0,627,0,0,20260209,600666,1,0
87375298560.0,2.60628,2184450048.0,852,0,0,20260203,600673,1,0
109796999168.0,2.51739,2664310016.0,676,0,0,20260212,600673,1,1
109796988969.66,2.5173909664154053,2664312896.0,676,0,0,20260213,600673,1,0
4037240064.0,1.15511,46634600.0,565,1,0,20260203,600683,1,1
4444669952.0,11.9257,514212000.0,637,0,2,20260204,600683,1,1
4889129984.0,9.30064,445500992.0,572,1,3,20260205,600683,1,0
4933579776.0,14.8431,699272000.0,833,0,3,20260209,600683,1,0
13774499840.0,5.11442,686108032.0,622,0,0,20260206,600686,1,0
7470790144.0,5.25983,387372992.0,575,1,0,20260210,600715,1,0
5877960192.0,11.174,631148992.0,611,0,0,20260206,600722,1,1
6463040000.0,11.3248,716312000.0,577,1,2,20260209,600722,1,0
7034509824.0,18.9892,1257980032.0,677,0,0,20260211,600722,1,1
7034505449.84,18.989171981811523,1257978928.0,677,0,0,20260212,600722,1,0
12451900416.0,8.67893,1057100032.0,606,0,7,20260204,600740,1,0
11219099648.0,9.17135,1016870016.0,590,1,9,20260209,600751,1,0
20345499648.0,17.3529,3339510016.0,874,0,3,20260204,600759,1,0
22790299648.0,20.853,4423150080.0,838,0,1,20260206,600759,1,0
2477270016.0,11.3502,274622016.0,627,0,0,20260204,600778,1,0
5787440128.0,20.6981,1134759936.0,828,0,0,20260203,600785,1,0
3297370112.0,4.74715,153431008.0,598,1,0,20260213,600791,1,0
5150049792.0,6.88653,346824992.0,586,1,1,20260204,600792,1,0
2270670080.0,9.83626,218346000.0,597,1,0,20260205,600796,1,0
6549550080.0,4.95482,314988000.0,613,0,0,20260204,600814,1,1
7203769856.0,6.42918,445556000.0,591,1,0,20260205,600814,1,1
7924149760.0,9.41665,745984000.0,565,1,1,20260206,600814,1,0
13002200064.0,3.74068,486048992.0,570,1,0,20260212,600821,1,1
13002185079.03,3.740684986114502,486049408.0,570,1,0,20260213,600821,1,0
13470000128.0,7.97262,997476992.0,868,0,0,20260205,600828,1,0
10962199552.0,6.29389,678131968.0,578,1,6,20260209,600841,1,0
5976790016.0,4.83494,280575008.0,591,1,0,20260204,600860,1,0
29228900352.0,6.30607,1778690048.0,851,0,0,20260203,600869,1,0
65117097984.0,7.31532,4651850240.0,649,0,4,20260209,600875,1,0
26370500608.0,9.84198,2528430080.0,615,0,0,20260206,600884,1,1
29013100544.0,1.09237,316929984.0,565,1,0,20260209,600884,1,0
152365006848.0,3.76787,5530399744.0,834,0,1,20260213,600893,1,0
5389420032.0,7.38736,386904000.0,689,0,0,20260212,600960,1,1
5389422987.059999,7.387356758117676,386904400.0,689,0,0,20260213,600960,1,0
8652040192.0,4.77984,400342016.0,878,0,0,20260204,600971,1,0
38721601536.0,7.14713,2651239936.0,658,0,0,20260210,600977,1,0
4965300224.0,8.57641,416148992.0,623,0,0,20260211,600980,1,1
4965294935.04,8.576412200927734,416148816.0,623,0,0,20260212,600980,1,0
5694410240.0,10.2066,566904000.0,795,0,2,20260203,600984,1,0
5769829888.0,11.3675,643966016.0,590,1,1,20260213,600984,1,0
22935300096.0,26.662,6083380224.0,570,1,8,20260203,600986,1,0
8462589952.0,5.62676,466332000.0,783,0,4,20260206,600987,1,0
10416000000.0,3.25886,326596000.0,882,0,0,20260204,600997,1,0
26544900096.0,2.87712,747454976.0,602,0,1,20260204,601001,1,0
6973020160.0,7.96583,537302016.0,780,0,0,20260204,601011,1,0
9436340224.0,3.70776,339048000.0,585,1,0,20260204,601015,1,1
10375900160.0,2.40751,249800000.0,565,1,0,20260205,601015,1,0
10170000384.0,6.0822,604236032.0,576,1,1,20260204,601096,1,0
11063100416.0,14.0663,1478089984.0,879,0,0,20260205,601116,1,0
3309799936.0,9.16982,292824000.0,800,0,0,20260211,601121,1,1
3309800000.0000005,9.16982078552246,292824480.0,800,0,0,20260212,601121,1,0
35297198080.0,3.89212,1327190016.0,668,0,0,20260212,601126,1,1
35297153412.0,3.892122983932495,1327190208.0,668,0,0,20260213,601126,1,0
20882700288.0,1.90684,385488992.0,805,0,0,20260205,601187,1,0
14795100160.0,12.4054,1795049984.0,601,0,5,20260204,601226,1,0
100534001664.0,1.92876,1896600064.0,601,0,0,20260212,601231,1,1
100533541682.24,1.9287586212158203,1896600496.0,601,0,0,20260213,601231,1,0
90364297216.0,5.08802,4470510080.0,790,0,2,20260209,601360,1,0
14579900416.0,2.05627,299803008.0,565,1,0,20260209,601595,1,1
16036599808.0,8.48257,1355209984.0,570,1,3,20260210,601595,1,0
5686660096.0,3.99759,222836000.0,572,1,0,20260205,601599,1,0
6545460224.0,14.0367,894297984.0,576,1,2,20260210,601599,1,0
14267199488.0,6.05871,825014016.0,790,0,0,20260212,601619,1,1
14267206991.46,6.058714866638184,825013856.0,790,0,0,20260213,601619,1,0
41790001152.0,3.17135,1300050048.0,819,0,0,20260204,601699,1,0
51495301120.0,2.48367,1249180032.0,670,0,1,20260213,601777,1,0
41100701696.0,4.81092,1946310016.0,632,0,17,20260203,601799,1,0
78118502400.0,4.79146,3589989888.0,654,0,4,20260209,601869,1,1
85932400640.0,3.83076,3239909888.0,598,1,2,20260210,601869,1,0
106745004032.0,1.26523,1332850048.0,578,1,3,20260212,601872,1,1
106745398996.44,1.2652288675308228,1332852272.0,578,1,3,20260213,601872,1,0
11886999552.0,8.53678,991289024.0,584,1,0,20260213,601890,1,0
128859996160.0,0.755759,954753024.0,599,1,0,20260204,601898,1,0
17418399744.0,1.68933,290836992.0,573,1,1,20260203,601992,1,0
29046499328.0,2.552,738273984.0,570,1,0,20260210,603000,1,0
11748800512.0,5.4849,624577024.0,812,0,0,20260203,603031,1,0
12540499968.0,4.35125,530107008.0,614,0,0,20260209,603031,1,0
4284890112.0,9.56148,393470016.0,669,0,0,20260203,603051,1,0
5596170240.0,5.92054,322516992.0,606,0,0,20260210,603058,1,0
5587239936.0,7.79214,426551008.0,586,1,0,20260212,603088,1,1
5587244678.4,7.79213809967041,426551264.0,586,1,0,20260213,603088,1,0
7702000128.0,5.8721,432440000.0,780,0,0,20260212,603090,1,1
7702000000.0,5.872096061706543,432439600.0,780,0,0,20260213,603090,1,0
5147299840.0,2.75088,137552000.0,597,1,0,20260203,603095,1,0
19571400704.0,1.37935,269824992.0,565,1,1,20260203,603103,1,0
20078800896.0,4.61136,902686016.0,576,1,2,20260205,603103,1,0
23300499456.0,4.48275,1037110016.0,570,1,5,20260209,603103,1,1
25628000256.0,2.96808,743369024.0,576,1,1,20260210,603103,1,0
6151269888.0,3.2566,196118000.0,592,1,0,20260210,603115,1,0
2041490048.0,20.0829,399648000.0,676,0,4,20260211,603125,1,1
2041493439.5,20.08292579650879,399647792.0,676,0,4,20260212,603125,1,0
5253609984.0,12.9259,662564992.0,580,1,1,20260206,603138,1,0
5928330240.0,11.4287,663163008.0,573,1,1,20260211,603138,1,1
6522319872.0,16.5824,1062489984.0,565,1,2,20260212,603138,1,1
6522315267.0,16.58243751525879,1062493856.0,565,1,2,20260213,603138,1,0
11185999872.0,3.76665,409166016.0,673,0,0,20260209,603163,1,0
12899000320.0,3.13657,395203008.0,618,0,0,20260213,603163,1,0
1558989952.0,43.3056,626446976.0,565,1,3,20260203,603172,1,0
3346899968.0,6.18505,204939008.0,573,1,1,20260209,603188,1,0
7356530176.0,16.4718,1206780032.0,570,1,16,20260209,603191,1,0
7990210048.0,8.419,654427008.0,620,0,1,20260212,603191,1,1
7990205623.47,8.419001579284668,654426624.0,620,0,1,20260213,603191,1,0
6662009856.0,3.87976,248210000.0,783,0,0,20260203,603211,1,0
58598600704.0,1.9495,1129069952.0,577,1,0,20260211,603256,1,1
64457601024.0,2.03016,1277820032.0,577,1,1,20260212,603256,1,1
64457633925.0,2.0301551818847656,1277824800.0,577,1,1,20260213,603256,1,0
2179760128.0,9.40306,199275008.0,678,0,0,20260203,603285,1,0
21450299392.0,1.76014,373119008.0,588,1,0,20260209,603301,1,1
23595599872.0,2.55783,593868032.0,598,1,1,20260210,603301,1,0
38827298816.0,3.33711,1269299968.0,611,0,3,20260209,603308,1,0
45692399616.0,4.42956,1961020032.0,652,0,1,20260212,603308,1,1
45692362114.89001,4.429555416107178,1961023424.0,652,0,1,20260213,603308,1,0
3767429888.0,3.79492,139592000.0,601,0,0,20260210,603320,1,0
3588620032.0,14.7706,510939008.0,628,0,0,20260206,603331,1,0
4003079936.0,13.4769,529055008.0,585,1,0,20260213,603331,1,0
1667890048.0,13.8489,225300992.0,594,1,0,20260204,603334,1,1
1834649984.0,25.9106,467596992.0,611,0,2,20260205,603334,1,0
3627350016.0,21.2409,749318976.0,619,0,4,20260204,603381,1,0
5711649792.0,4.83902,269871008.0,599,1,12,20260205,603429,1,0
5924069888.0,3.68157,218098000.0,565,1,0,20260209,603466,1,1
6518850048.0,8.25868,534679008.0,572,1,0,20260210,603466,1,0
6947100160.0,24.9329,1708630016.0,575,1,6,20260213,603466,1,0
11275299840.0,1.5684,176840992.0,565,1,0,20260209,603533,1,1
12403200000.0,0.664967,82477296.0,565,1,0,20260210,603533,1,1
13645299712.0,1.38746,189323008.0,565,1,0,20260211,603533,1,1
15010299904.0,2.68166,402524000.0,565,1,0,20260212,603533,1,1
16511299584.0,15.1184,2462159872.0,570,1,2,20260213,603533,1,0
7660530176.0,16.9842,1259309952.0,659,0,1,20260209,603598,1,1
8427930112.0,27.2577,2208019968.0,681,0,0,20260210,603598,1,0
13822300160.0,15.1268,2057229952.0,582,1,1,20260211,603601,1,1
13822325749.1,15.126763343811035,2057225984.0,582,1,1,20260212,603601,1,0
4546820096.0,8.22274,364480992.0,639,0,0,20260206,603607,1,0
4826749952.0,7.43909,353633984.0,574,1,2,20260211,603608,1,1
4826746305.0,7.439088344573975,353633616.0,574,1,2,20260212,603608,1,0
14574499840.0,8.59539,1231129984.0,602,0,3,20260203,603612,1,0
2632410112.0,0.769907,20267100.0,565,1,0,20260204,603616,1,1
2897570048.0,0.680888,19729200.0,565,1,0,20260205,603616,1,1
3185789952.0,16.866,535943008.0,565,1,1,20260206,603616,1,1
3504750080.0,37.1674,1200999936.0,881,0,1,20260209,603616,1,0
7556740096.0,6.47713,489399008.0,565,1,1,20260203,603618,1,1
8310329856.0,11.9946,995068032.0,570,1,2,20260204,603618,1,0
9478760448.0,18.0196,1651149952.0,578,1,1,20260206,603618,1,0
13444700160.0,7.84708,1012990016.0,782,0,3,20260206,603626,1,1
14787500032.0,6.09048,892232000.0,571,1,4,20260209,603626,1,0
12999300096.0,19.4654,2460709888.0,787,0,9,20260209,603629,1,0
14671399936.0,15.0151,2159069952.0,607,0,11,20260211,603629,1,1
14671386240.0,15.015053749084473,2159068224.0,607,0,11,20260212,603629,1,0
4803610112.0,2.77591,129140000.0,593,1,0,20260205,603630,1,0
4707460096.0,3.85245,174774000.0,685,0,0,20260205,603655,1,0
18151700480.0,3.668,637720000.0,825,0,0,20260206,603663,1,0
31365300224.0,12.8466,3909080064.0,622,0,3,20260206,603667,1,0
3652420096.0,4.13004,147532000.0,584,1,0,20260211,603682,1,1
3652425000.0,4.130041122436523,147532039.0,584,1,0,20260212,603682,1,0
25713500160.0,6.30656,1583699968.0,611,0,2,20260212,603688,1,1
25713468378.83,6.30656099319458,1583697344.0,611,0,2,20260213,603688,1,0
5023869952.0,9.33505,456412992.0,601,0,0,20260205,603696,1,0
1833159936.0,1.83126,33569900.0,565,1,0,20260209,603729,1,1
2016099968.0,1.10266,22230700.0,565,1,0,20260210,603729,1,1
2217710080.0,1.26594,28074800.0,565,1,0,20260211,603729,1,1
2217710880.0,1.2659367322921753,28074816.0,565,1,0,20260212,603729,1,0
8292029952.0,4.95616,410966016.0,565,1,0,20260212,603757,1,1
8292025662.55,4.956164836883545,410966480.0,565,1,0,20260213,603757,1,0
9007930368.0,10.1801,903014016.0,592,1,1,20260203,603773,1,0
9456430080.0,13.8882,1285389952.0,796,0,1,20260203,603778,1,1
10401399808.0,13.4547,1362339968.0,628,0,0,20260204,603778,1,0
48783400960.0,3.82935,1844429952.0,583,1,2,20260203,603806,1,0
7595859968.0,2.50831,183899008.0,623,0,0,20260206,603823,1,0
11590500352.0,1.90631,214286000.0,809,0,2,20260204,603826,1,1
12750199808.0,2.38735,298654016.0,576,1,0,20260205,603826,1,0
4854099968.0,2.41649,116009000.0,574,1,0,20260209,603829,1,0
16513099776.0,4.31963,687980992.0,788,0,0,20260206,603876,1,0
28131600384.0,14.5168,3942739968.0,780,0,3,20260206,603881,1,0
18373099520.0,9.87088,1769980032.0,593,1,1,20260210,603888,1,0
50484699136.0,5.10437,2512659968.0,801,0,0,20260203,603920,1,0
31848200192.0,2.41854,736582016.0,782,0,0,20260209,603929,1,0
12840699904.0,3.54973,453248992.0,570,1,2,20260212,603950,1,1
12840717824.0,3.549731969833374,453249264.0,570,1,2,20260213,603950,1,0
3142820096.0,9.86461,305128000.0,599,1,1,20260206,603959,1,0
6436960256.0,10.4577,658094976.0,622,0,1,20260210,603960,1,0
7270750208.0,11.0553,780910016.0,623,0,4,20260213,603960,1,0
2913840128.0,7.77515,218848992.0,680,0,0,20260210,603968,1,1
3206249984.0,12.3673,388104000.0,577,1,1,20260211,603968,1,1
3206246400.0,12.367324829101562,388103776.0,577,1,1,20260212,603968,1,0
4879969792.0,0.77119,37633800.0,565,1,0,20260209,603980,1,1
5367289856.0,0.792722,42547700.0,565,1,0,20260210,603980,1,1
5901989888.0,22.983,1312120064.0,595,1,9,20260211,603980,1,1
5901986899.200001,22.98297691345215,1312117152.0,595,1,9,20260212,603980,1,0
5109120000.0,5.31773,260246000.0,620,0,0,20260210,603999,1,0
5562169856.0,2.26476,125120000.0,570,1,0,20260211,605006,1,1
6120180224.0,10.75,643043968.0,581,1,0,20260212,605006,1,1
6120182376.0,10.749950408935549,643043744.0,581,1,0,20260213,605006,1,0
6597519872.0,5.03115,318975008.0,602,0,0,20260213,605007,1,0
5913430016.0,4.61412,264456000.0,819,0,0,20260212,605018,1,1
5913427675.94,4.614120006561279,264455884.0,819,0,0,20260213,605018,1,0
3202889984.0,5.79704,183424992.0,587,1,0,20260211,605033,1,1
3523310080.0,1.59541,56211200.0,565,1,0,20260212,605033,1,1
3876179968.0,2.03243,78780704.0,565,1,0,20260213,605033,1,0
12604099584.0,3.63239,447988992.0,603,0,2,20260209,605060,1,1
13865700352.0,4.2167,569718016.0,593,1,2,20260210,605060,1,0
15183899648.0,9.49583,1399129984.0,632,0,1,20260203,605123,1,0
7085400064.0,0.885357,62731100.0,565,1,0,20260209,605287,1,1
7793800192.0,0.291986,22756800.0,565,1,0,20260210,605287,1,1
8573599744.0,20.3698,1715059968.0,565,1,9,20260211,605287,1,1
9430400000.0,20.7542,1801170048.0,852,0,5,20260212,605287,1,1
9430400000.0,20.75419807434082,1801168848.0,852,0,5,20260213,605287,1,0
9748209664.0,9.89052,944516992.0,652,0,2,20260213,605289,1,0
9443510272.0,4.76837,436328000.0,801,0,1,20260212,605318,1,1
9443507293.08,4.768373966217041,436328352.0,801,0,1,20260213,605318,1,0
26186199040.0,6.6293,1641219968.0,874,0,0,20260204,605376,1,0
11890100224.0,7.07195,804164992.0,630,0,0,20260206,605488,1,0
4558889984.0,5.98235,264102000.0,819,0,0,20260209,605566,1,0
15526299648.0,2.23926,337883008.0,596,1,0,20260209,605598,1,0
18612199424.0,1.60841,291708992.0,586,1,1,20260203,605599,1,0
20221800448.0,4.97715,948641024.0,610,0,1,20260209,688025,1,0
8793280512.0,12.3359,1044520000.0,629,0,5,20260211,688035,1,1
8793276800.0,12.335942268371582,1044524752.0,629,0,5,20260212,688035,1,0
18266599424.0,25.7276,4543860224.0,634,0,3,20260212,688158,1,1
18266599555.4,25.72762107849121,4543856384.0,634,0,3,20260213,688158,1,0
84043702272.0,5.43463,4138050048.0,787,0,0,20260204,688223,1,0
2221600000.0,14.6543,307384992.0,829,0,0,20260204,688429,1,0
3635279872.0,18.8018,644836992.0,869,0,1,20260209,688435,1,0
9410599936.0,5.03406,439631008.0,671,0,0,20260212,688480,1,1
9410600390.88,5.034061908721924,439631408.0,671,0,0,20260213,688480,1,0
17928099840.0,14.5924,2567239936.0,583,1,16,20260209,688503,1,0
36575100928.0,4.42524,1570279936.0,582,1,4,20260203,688516,1,0
5683380224.0,8.71129,465568000.0,793,0,6,20260203,688680,1,0
